Marca temporal,Nombre en español,Nombre científico,Nativo de,Tipo de material vegetal,Cantidad de luz,Agua requerida,Agua requerida mensual (en litros),Radio máximo (en metros),Altura máxima (en metros),Clima óptimo,Para cada categoría señale una opción entre poco/medio/mucho [Aporte de color],Para cada categoría señale una opción entre poco/medio/mucho [Atracción de abejas],Para cada categoría señale una opción entre poco/medio/mucho [Atracción de mariposas],Para cada categoría señale una opción entre poco/medio/mucho [Atracción de colibríes],Para cada categoría señale una opción entre poco/medio/mucho [Aporte aromático],Para cada categoría señale una opción entre poco/medio/mucho [Nivel de cuidado],Caduco / Perenne,Para cada evento eliga la época correspondiente [Siembra],Para cada evento eliga la época correspondiente [Floración],Para cada evento eliga la época correspondiente [Poda],Descripción,Nombre(s) de especie(s) con la cual se viene bien,Hardiness Zone,Ranking_agua,Ranking_color,Ranking_polinizadores,Ranking_aves,Ranking_aromas
31/5/2023 23:22:52,Aster común,Aster ageratoides,América del Norte (Canada y EEUU),"Arbusto, Floral",Mucha,Media,,1,0.7,Templado mediterráneo,Mucho,Mucho,Mucho,Medio,Medio,Medio,Perenne (no bota hojas),Primavera,Otoño,Primavera,"El aster ageratoides es una hierba perenne, notable por sus tallos peludos y sus cabezas florales, que recuerdan a las de las margaritas. Se usa en espacios públicos como planta de cobertura gracias a su habilidad de competir contra las malezas.",,Zona 4A,33,12,1,24,26
31/5/2023 23:37:57,Astromelia,Alstroemeria,América del Sur,"Arbusto, Floral",Media,Media,,0.5,1,Templado subhúmedo,Mucho,Mucho,Mucho,Mucho,Poco,Medio,Perenne (no bota hojas),Otoño,Verano,Invierno,"Las flores del astromelias aunque no tienen aroma poseen una excepcional belleza, por ese motivo hay quienes la consideran la flor más bella del mundo. Esta es una planta empleada de forma ornamental y para usar las flores en ramos porque son duraderas. En algunos países, la flor está relacionada con la amistad y es común que se regale entre amigos.",,Zona 8A,54,8,4,13,66
31/5/2023 23:47:59,Jazmín,Jasminum officinale,Asia meridional,"Enredadera, Floral",Media,Media,,2,6,Templado subhúmedo,Mucho,Mucho,Mucho,Mucho,Mucho,Mucho,Perenne (no bota hojas),Primavera,Verano,Primavera,"El jazmín es una de las plantas más bonitas y aromáticas que puedes poner en tu jardín. Sus pequeñas flores blancas, además de ser muy decorativas, emiten un aroma embriagador. En el jardín o en el porche creará un ambiente único, pero también lo puedes tener dentro de casa plantada en macetas.",,Zona 7A,84,45,6,3,1
31/5/2023 23:57:30,Tulipero,Liriodendron tulipifera,América del Norte (Canada y EEUU),Árbol,Mucha,Mucha,,4,40,Templado subhúmedo,Poco,Poco,Poco,Poco,Poco,Poco,Caduco (bota hojas),Otoño,No aplica,Invierno,"El tulipero es un lindo árbol que bota sus hojas, caducas, en otoño e invierno. Tiene su floración en primavera pero es bien ligera a la vista porque se mimetiza muy bien con las hojas, es un árbol de gran follaje de color verde amarillento es muy adecuado para paisajismo, tiene rápido crecimiento y puede llegar a 30 mts. de altura.",,Zona 5A,90,81,94,65,93
1/6/2023 0:08:59,Arrayán,Luma apiculata,América del Sur,"Árbol, Floral",Media,Media,,3,5,Templado subhúmedo,Mucho,Mucho,Medio,Mucho,Mucho,Poco,Perenne (no bota hojas),Primavera,Verano,Invierno,"El arrayán es un árbol nativo perenne de muy lindo aspecto, hoja verde brillante y aromático, se caracteriza por su tronco de color rojo ladrillo, requiere abundante agua y tiene crecimiento lento, llega a medir hasta 15 mts. de altura. Para mejor crecimiento agrega en la casilla de plantación tierra orgánica.",Patagua. Canelo.,Zona 9A,88,43,32,10,19
1/6/2023 0:16:22,Pimiento,Schinus molle,América del Sur,"Árbol, Frutal",Mucha,Poca,,5,10,Templado mediterráneo,Medio,Poco,Poco,Poco,Poco,Poco,Perenne (no bota hojas),Primavera,Todo el año,No aplica,"El pimiento es un árbol nativo perenne, de muy rápido crecimiento que requiere poca agua y entrega un rica sombra. Es muy resistente tanto al sol como a las heladas. No es exigente con el suelo, puedes plantarlo incluso en tierras poco fértiles. ",Algarrobo. Espino,Zona 9A,1,73,71,62,95
1/6/2023 18:46:00,Salvia,Salvia superba,Europa del Sur,"Arbusto, Floral",Mucha,Media,,0.5,0.6,Templado mediterráneo,Mucho,Mucho,Mucho,Medio,Mucho,Medio,Perenne (no bota hojas),Primavera,Verano,No aplica,"Planta arbustiva de pequeño tamaño, perenne, formada por numerosas hojas verdes de color grisáceo o púrpura y peludas. Amado por las abejas y otros polinizadores",,Zona 5A,32,13,9,30,9
1/6/2023 18:54:54,Agapanto,Agapanthus umbellatus,África meridional,"Arbusto, Floral",Media,Media,,0.3,0.4,Templado mediterráneo,Mucho,Mucho,Mucho,Medio,Poco,Poco,Perenne (no bota hojas),Primavera,Verano,No aplica,"Conocida también como Lirio africano o Flor del amor, el agapanto es una planta bella y especial. Hace gala de unas hojas alargadas de color verde oscuro que surgen de un tallo central y que se llenan de flores durante los meses estivales aportando color y alegría al jardín.",,Zona 8A,53,11,12,25,67
1/6/2023 19:02:35,Liquidámbar,Liquidambar styraciflua,América del Norte (Canada y EEUU),Árbol,Media,Media,,3,30,Templado subhúmedo,Mucho,Poco,Poco,Poco,Poco,Medio,Caduco (bota hojas),Otoño,Otoño,Invierno,"Pocos árboles resultan tan espectaculares en otoño como el Liquidambar styraciflua, una especie caducifolia oriunda del este norteamericano, que hoy exhibe su belleza en parques, jardines y el arbolado urbano de muchas ciudades.",,Zona 5A,85,46,95,63,92
1/6/2023 19:11:13,Grevilea,Grevillea juniperina,Australia y Nueva Zelanda,"Arbusto, Floral",Mucha,Media,,0.8,1.5,Templado mediterráneo,Mucho,Mucho,Mucho,Mucho,Medio,Medio,Perenne (no bota hojas),Otoño,Invierno,Otoño,"Notable por su fino follaje y su colorida floración, Grevillea juniperina tiene su lugar en todos los jardines donde el invierno no es demasiado riguroso. No muy exigente y fácil de mantener, este arbusto es magnífico aislado y permite construir setos originales. Además, es frecuentemente visitada por colibríes.",,Zona 8A,38,42,31,1,29
2/6/2023 0:14:30,Campanilla azul,Convolvulus sabatius,Europa del Sur,"Arbusto, Cubresuelo, Floral",Mucha,Media,,0.2,0.2,Templado mediterráneo,Mucho,Mucho,Mucho,Medio,Medio,Poco,Perenne (no bota hojas),Primavera,Verano,Invierno,"El Convolvulus sabatius* es una vivaz de base leñosa, cuyos tallos volubles le permiten trepar o extenderse como una alfombra de 15 a 25 centímetros de altura salpicada de pequeñas campanillas de color azul alilado. Es ideal para darle un aire silvestre y espontáneo a las plantaciones de jardinería sostenible, pero también para cultivar sobre un muro o en tiestos y cestas colgantes que permitan el lucimiento de su efecto cascada.",,Zona 8A,41,9,16,49,27
2/6/2023 0:19:50,Nepeta,Nepeta mussini,Europa del Sur,"Arbusto, Cubresuelo, Floral",Mucha,Poca,,0.2,0.3,Templado mediterráneo,Mucho,Mucho,Mucho,Medio,Mucho,Poco,Caduco (bota hojas),Primavera,Verano,Invierno,"Masas de espigas de color azul, violeta o lila caracterizan la floración de las nepetas, un género de vivaces que forman matas que pueden alcanzar entre 20 y 60 centímetros de altura, e incluso más en algunas variedades. Son aptas para la jardinería sostenible, ya que soportan la sequedad y pueden vivir sin dificultad en suelos áridos.",,Zona 8A,13,10,8,29,6
2/6/2023 0:27:56,Margarita cimarrona,Erigeron karvinskianus,América Central (incluye México),"Arbusto, Cubresuelo, Floral",Mucha,Media,,0.1,0.2,Templado subhúmedo,Mucho,Mucho,Mucho,Poco,Medio,Poco,Caduco (bota hojas),Primavera,Verano,Invierno,"La Margarita cimarrona es una planta vivaz florida de porte rastrero, muy extensa y de crecimiento rápido. Es muy utilizada en rocallas, macizos y jardineras, además de ser muy útil como tapizante de arbustos o árboles pequeños. Tomada en té tiene propiedades para aliviar la gastroenteritis, diarrea y el dolor corporal.",,Zona 7B,52,39,13,100,41
2/6/2023 0:37:49,Romero,Salvia rosmarinus,Europa del Sur,"Arbusto, Cubresuelo, Floral",Mucha,Poca,,0.2,0.5,Templado mediterráneo,Medio,Mucho,Mucho,Medio,Mucho,Medio,Perenne (no bota hojas),Primavera,Verano,Primavera,"El romero es una planta que pertenece a la familia de las labiadas y que puede llegar a medir hasta un metro de altura en condiciones ideales. Es un arbusto resistente con tallos ramificados y hojas pequeñas, duras, fina y alargada como agujas (acicular) que dan mucho aroma, siendo éste uno de los motivos por el cual es muy conocido.",,Zona 8A,7,66,5,38,3
2/6/2023 0:53:26,Salvia rusa,Perovskia atriplicifolia,Asia Oriental,"Arbusto, Floral",Media,Poca,,1,1.2,Templado mediterráneo,Mucho,Mucho,Mucho,Mucho,Mucho,Poco,Perenne (no bota hojas),Primavera,Verano,Invierno,"La perovskia es una linda planta perenne, de muy fácil cuidado. Debes ponerla a pleno sol y es resistente a heladas. Es de bajo consumo hídrico y muy atractiva por su coloración lila y su suave movimiento. Tiene una larga floración que abarca desde la primavera hasta comienzos del otoño. No es exigente con los suelos pero si con le buen drenaje.",,Zona 8B,20,40,11,14,10
3/6/2023 13:30:01,Bugambilia,Bougainvillea spectabilis,América del Sur,"Arbusto, Floral",Mucha,Poca,,2,10,Templado mediterráneo,Mucho,Medio,Medio,Poco,Medio,Poco,Perenne (no bota hojas),No aplica,Primavera,Invierno,"Es un arbusto perenne, espinoso, ramoso, de crecimiento rápido, puede alcanzar 10 m; no trepa, se apoya. Es caducifolia en regiones templadas, y perennifolia en zonas tropicales. Florece en primavera, verano, hasta el otoño. Son de variados colores: blanco, rosa, carmín, morado, amarillo, beige, entre otros.",,Zona 10A,25,1,44,66,22
15/6/2023 21:32:23,Magnolio,Magnolia liliiflora Nigra,Asia Oriental,"Árbol, Arbusto, Floral",Media,Media,,3,3,Templado húmedo,Medio,Poco,Poco,Medio,Mucho,Medio,Caduco (bota hojas),Primavera,Primavera,No aplica,Las magnolia liliiflora 'Nigra' son un amplio género de árboles y arbustos muy populares por la belleza de sus flores perfumadas de variados colores. Muchas de sus especies son cultivadas como ornamentales y su vistosidad explota terminando el invierno e iniciando la primavera en su temporada de floración.,,Zona 5B,71,61,72,26,21
15/6/2023 21:48:26,Lila,Syringa microphylla Superba,Asia Oriental,"Arbusto, Floral",Mucha,Media,,2,2,Templado subhúmedo,Mucho,Mucho,Poco,Poco,Mucho,Poco,Caduco (bota hojas),Verano,Primavera,Invierno,"Las syringa pubescens subsp. microphylla son arbustos resistentes y fáciles de cultivar en climas fríos y suelos bien drenados. Su atractivo principal son sus hermosas flores de variados colores y dulce aroma. Florecen durante la primavera, aunque algunas variedades pueden repetir su floración durante el verano y el otoño manteniendo la belleza en los jardines por largos periodos de tiempo.",,Zona 4A,40,44,42,68,15
17/6/2023 13:50:44,Acer japónico,Acer palmatum,Asia Oriental,Árbol,Media,Mucha,,5,6,Templado subhúmedo,Mucho,Poco,Poco,Poco,Poco,Medio,Caduco (bota hojas),Primavera,No aplica,Invierno,"El Acer palmatum, nombre botánico del Acer japonés, es uno de los árboles más demandados por los amantes de la jardinería. Y es que, además de su increíble presencia, los cuidados del arce japonés son sumamente sencillos. Dos factores que, unidos a su característica rusticidad, hacen de él uno de los favoritos tanto para diseñar un jardín como para cultivar en maceta.",,Zona 7A,98,2,98,85,98
17/6/2023 13:57:32,Crespón,Lagerstroemia indica,Asia Oriental,"Árbol, Floral",Mucha,Media,,3,5,Templado mediterráneo,Mucho,Medio,Medio,Medio,Poco,Medio,Caduco (bota hojas),Primavera,Verano,Invierno,"El Lagerstroemia indica es comúnmente conocido como Árbol de Júpiter o Crespón. Ornamentalmente, es un árbol precioso. Con su exuberante floración en primavera o en otoños, con sus tintes anaranjados. Es un árbol caduco, por lo que en invierno bota sus hojas. Altura habitual de 2 a 8 m, llegando incluso hasta los 15 m, aunque tarda muchos años en tener esta magnitud significativa. Tiene el tronco retorcido y la copa redondeada.",,Zona 8A,74,52,60,40,74
17/6/2023 14:05:11,Quillay,Quillaja saponaria,América del Sur,"Árbol, Floral",Mucha,Poca,,5,10,Templado mediterráneo,Poco,Mucho,Medio,Medio,Poco,Poco,Perenne (no bota hojas),Primavera,Verano,No aplica,"El quillay (Quillaja saponaria Molina) es uno de los árboles característicos de la región mediterránea de Chile, especialmente del bosque esclerófilo. Es capaz de crecer en suelos pobres, soportar altas fluctuaciones térmicas y la sequía. Por estas razones, su rápido crecimiento y capacidad de generar sombra, también es posible verlo dentro del arbolado urbano o en reforestaciones con árboles nativos.",,Zona 8A,3,86,19,27,75
17/6/2023 14:11:07,Jacarandá,Jacaranda mimosifolia,América del Sur,"Árbol, Floral",Mucha,Poca,,5,10,Templado subhúmedo,Mucho,Medio,Medio,Medio,Poco,Poco,Caduco (bota hojas),Primavera,Primavera,Invierno,"La Jacaranda mimosifolia es un árbol de flores color morado pastel. Originario de Sudamérica, desde Colombia hasta Argentina, incluso es el árbol declarado distintivo de Buenos Aires. Dada su belleza única ha sido importado a muchos otros países en los que se ha vuelto emblemático, como por ejemplo, en la Ciudad de México. ",,Zona 9A,9,57,63,39,94
17/6/2023 14:16:44,Azalea,Rhododendron indicum,Asia Oriental,"Arbusto, Floral",Media,Media,,2,1.3,Templado mediterráneo,Mucho,Mucho,Mucho,Mucho,Medio,Medio,Perenne (no bota hojas),Primavera,Invierno,Otoño,"Perteneciente a la familia de las Ericáceas, conocidas por su floración abundante, las azaleas, de nombre botánico Rhododendron indicum o simsii, son un pequeño arbusto de origen oriental que, debido a sus más múltiples hibridaciones a lo largo de la historia, ha logrado adaptarse sin dificultad a todo tipo de climas.",,Zona 7A,72,14,21,15,42
17/6/2023 15:12:02,Rododendro,Rhododendron,Sudeste asiático,"Arbusto, Floral",Media,Media,,1.5,1.5,Templado húmedo,Mucho,Mucho,Mucho,Mucho,Medio,Poco,Perenne (no bota hojas),Otoño,Primavera,No aplica,"El rododendro es un arbusto de hoja perenne que puede llegar a alcanzar hasta tres metros de altura, por lo que se emplea mucho para salvaguardar el interior de jardines o piscinas de miradas indiscretas. No obstante, hay variedades mucho más pequeñas, que apenas alcanzan 50 centímetros.",,Zona 4A,49,16,20,12,28
17/6/2023 15:12:30,Limonero,Citrus Limon,Asia Oriental,"Árbol, Frutal, Floral",Media,Mucha,,3,3,Templado subhúmedo,Medio,Poco,Poco,Poco,Medio,Medio,Perenne (no bota hojas),Otoño,Primavera,Invierno,"De origen asiático, el limonero (Citrus Limon) es un frutal perenne de la familia de las rutáceas. Sus grandes y ovaladas hojas de color verde brillante son, al igual que sus flores, muy aromáticas, con una característica espina en la base.",,Zona 9A,92,77,86,64,61
17/6/2023 15:15:45,Maqui,Aristotelia chilensis,América del Sur,"Árbol, Frutal",Media,Mucha,,3,4,Templado subhúmedo,Medio,Medio,Medio,Mucho,Medio,Poco,Perenne (no bota hojas),Primavera,Primavera,No aplica,"El Maqui (Aristotelia chilensis ) es un árbol de tamaño mediano (4 a 5 metros de altura), que crece en terrenos especialmente húmedos y considerado abundante en su zona de distribución. Florece en primavera y su fruto está maduro en verano.",,Zona 7A,99,69,59,4,60
17/6/2023 15:20:40,Caqui,Diospyros kaki,Asia Oriental,"Árbol, Frutal",Media,Media,,5,12,Templado mediterráneo,Poco,Poco,Poco,Medio,Medio,Medio,Caduco (bota hojas),Primavera,Otoño,Invierno,"El caqui es un frutal proveniente de China, junto con el naranjo y el mandarino, aunque también se lo puede encontrar en otros países de Asia como Corea del Sur, Japón, Birmania y Nepal. Su nombre científico es Diospyros kaki. Un poco difícil de nombrar, pero popularmente se lo conoce como caqui, palosanto, lodoñero, caquilero.",,Zona 7A,75,90,73,19,64
17/6/2023 15:28:29,Cardo,Cynara cardunculus,América del Sur,"Arbusto, Floral",Mucha,Poca,,0.5,1.2,Templado mediterráneo,Mucho,Medio,Medio,Mucho,Poco,Poco,Perenne (no bota hojas),Primavera,Verano,No aplica,"El cardo (Cynara cardunculus), también conocido como cardo comestible, es una de las hortalizas antiguas más bellas e impresionantes, que también se utiliza como planta ornamental. Las flores, que se conservan al secarlas, son un elemento muy común en los arreglos florales secos. Esta planta perenne impresiona por su tamaño, por las llamativas hojas grandes y a partir del segundo año, por sus numerosas y ramificadas flores de alcachofa de color azul-violeta.",,Zona 7A,8,53,47,6,79
17/6/2023 15:31:44,Ciprés,Cupressus sempervirens,Asia Occidental (Medio Oriente),Árbol,Mucha,Poca,,3,25,Templado subhúmedo,Poco,Poco,Poco,Medio,Medio,Poco,Perenne (no bota hojas),Verano,Primavera,Invierno,"El Cupressus sempervirens es un árbol perenne que puede vivir 1000 años. Destaca por su copa estrecha, sus hojas verdes y sus flores masculinas y femeninas.",,Zona 6B,17,96,87,33,49
17/6/2023 15:33:29,Rhus,Searsia crenata,África meridional,"Arbusto, Frutal",Mucha,Media,,0.5,1,Templado mediterráneo,Medio,Poco,Poco,Mucho,Poco,Medio,Perenne (no bota hojas),Primavera,Verano,Invierno,"Arbusto originario de Sudafrica, de la familia de las anacardiáceas. Planta de fácil cultivo, goza con pleno sol y es semi resistente al frío. Es una esplendida planta para jardines costeros puede ser podada para cerco, es buen cortaviento, se da bien en macetas. Crece hasta 2 mts. Puede ser formada como árbol.",,Zona 7A,34,74,84,8,80
17/6/2023 15:39:41,Lirio,Lilium,América del Norte (Canada y EEUU),"Arbusto, Floral",Mucha,Poca,,0.7,1,Templado húmedo,Mucho,Medio,Medio,Poco,Mucho,Medio,Perenne (no bota hojas),Primavera,Verano,Invierno,"Las azucenas o lirios florecen a partir de primavera, pero es hasta el verano cuando alcanzan su mayor esplendor. La corola presenta 6 lóbulos, más o menos uniformes. La forma de estas flores es similar a la de una trompeta, se caracterizan por tener un aroma fuerte y agradable que incrementa durante la noche.",,Zona 6A,21,51,54,84,5
17/6/2023 15:41:07,Gladiolo,Gladiolus communis,Europa del Sur,"Arbusto, Floral",Mucha,Media,,0.2,1,Templado mediterráneo,Mucho,Mucho,Mucho,Mucho,Medio,Medio,Perenne (no bota hojas),Primavera,Primavera,Invierno,"El gladiolo es una hierba perenne y bulbosa de tallo erecto que alcanza aproximadamente 1 m de altura. Las hojas son escasas, basales, lineares ó planas con los nervios paralelos algunos de ellos prominentes. La flor tiene los pétalos y sépalos con una consistencia, color y forma semejante, se les denominan tépalos.",,Zona 7A,73,41,36,7,31
17/6/2023 15:45:47,Geranio,Geranium,Europa del Sur,"Cubresuelo, Floral",Mucha,Media,,0.2,0.3,Templado mediterráneo,Mucho,Mucho,Mucho,Medio,Mucho,Poco,Perenne (no bota hojas),Primavera,Verano,Otoño,"El geranio es uno de los nombres de plantas más populares. Resiste muy bien a la sequía y al calor, y además, sus flores se encargan de decorar y alegrar los jardines y balcones de medio país. Además de cultivarse por su gran belleza, los geranios cuentan con un aroma muy especial. Son fáciles de mantener (apto para principiantes en el cuidado de plantas), y soporta muy bien casi todas las plagas y enfermedades.",,Zona 7A,27,15,14,46,12
17/6/2023 15:46:23,Ajo ornamental,Allium aflatunense,Asia Oriental,"Arbusto, Floral",Mucha,Poca,,0.08,0.75,Templado húmedo,Mucho,Mucho,Mucho,Poco,Mucho,Medio,Perenne (no bota hojas),Verano,Verano,Otoño,"Se trata de una planta muy vistosa, ya que alcanza una altura media de entre medio y un metro, con unas inflorescencias en forma de globo de un diámetro aproximado de 8 centímetros. Sus hojas, acintadas, tienen un aroma intenso y suelen marchitarse mientras el ajo ornamental aún está en flor.",,Zona 10A,16,19,30,94,17
17/6/2023 15:52:26,Carraspique,Iberis sempervirens,Europa del Sur,"Cubresuelo, Floral",Mucha,Poca,,0.2,0.2,Templado mediterráneo,Mucho,Mucho,Mucho,Medio,Medio,Poco,Perenne (no bota hojas),Primavera,Verano,Invierno,"El carraspique se utiliza en jardines de roca, bordes y cultivado en maceta, donde alegra el lugar con su prolífica floración. Esto le ha valido para ganar el premio al Mérito del Jardín de la Real Sociedad de Horticultura. Esta especie es muy resistente a las plagas. Se usa como delimitadora de caminos.",,Zona 7A,14,29,3,45,30
17/6/2023 15:56:34,Amapola de California,Eschscholzia californica,América del Norte (Canada y EEUU),"Cubresuelo, Floral",Mucha,Poca,,0.1,0.3,Templado mediterráneo,Mucho,Mucho,Mucho,Medio,Medio,Poco,Perenne (no bota hojas),Primavera,Verano,No aplica,"A pleno sol, las corolas anaranjadas y amarillas de la amapola de California crean un efecto incandescente. Pariente de la amapola silvestre, esta papaverácea adoradora del calor y adaptada a la sequía y los suelos pobres, florece sin desmayo desde marzo hasta que empieza el frío en el otoño. Es una vivaz de vida corta en los lugares libres de heladas (zona 10), que se suele tratar por lo general como planta anual y descartar tras la floración. Desarrolla matas bajas redondeadas de unos 30 a 50 centímetros de altura y diámetro. No precisa mantenimiento.",,Zona 6A,15,17,22,48,44
17/6/2023 16:00:31,Nemofila,Nemophila maculata,América del Norte (Canada y EEUU),"Cubresuelo, Floral",Media,Media,,0.1,0.2,Templado mediterráneo,Mucho,Mucho,Mucho,Medio,Mucho,Poco,Perenne (no bota hojas),Primavera,Verano,Invierno,"La Nemophila maculata es una planta anual de la familia de las Boragináceas, de flores atractivas y de bajo mantenimiento. Aunque es originaria de California, puede cultivarse en prácticamente cualquier lugar con climas similares. La Nemophila maculata es apreciada tanto por su follaje como por sus flores. ",,Zona 8A,55,28,15,31,11
17/6/2023 16:07:14,Neguilla,Agrostemma githago,África meridional,"Arbusto, Cubresuelo, Floral",Media,Media,,0.2,0.5,Templado mediterráneo,Mucho,Mucho,Mucho,Medio,Medio,Medio,Perenne (no bota hojas),Primavera,Verano,Invierno,"Planta anual que puede alcanzar una altura de 1 m, con tallos erectos y rígidos cubiertos de un fino vello grisáceo. Hojas de unos 45 a 145 mm de largo, de color verde pálido, lineales, en pares opuestos y fusionadas en su base, se mantienen erectas prácticamente pegadas al tallo. De cada uno de los ápices de sus poco ramificados tallos surge una Flor morada o rosa oscuro, de 4-5 cm de diámetro y de largo pecíolo.",,Zona 7A,50,30,23,41,43
17/6/2023 16:16:57,Ruda cabruna,Galega orientalis,Europa Oriental,"Arbusto, Floral",Media,Media,,0.3,1.2,Templado subhúmedo,Mucho,Mucho,Mucho,Medio,Medio,Medio,Perenne (no bota hojas),Primavera,Verano,Invierno,"Esta especie es una hierba perenne con un sistema de raíz y rizoma. Produce tallos de hasta 2 metros de altura que se ramifican cerca del medio. Las hojas son pinnadas. La inflorescencia soporta hasta 70 flores de color lila, y algunos cultivares pueden producir más. La vaina de la fruta mide hasta 4 centímetros de largo y contiene hasta 8 semillas cada una de unos pocos milímetros de longitud.",,Zona 7A,51,35,35,34,46
17/6/2023 16:22:44,Pino negro,Pinus mugo,Europa Occidental,Arbusto,Mucha,Media,,0.6,1,Templado subhúmedo,Poco,Poco,Poco,Poco,Poco,Poco,Perenne (no bota hojas),Primavera,No aplica,No aplica,"Esta pequeña conífera oriunda de las montañas de Europa Central y los Balcanes se presta a usos muy diversos en jardinería: gracias a sus numerosas variedades se puede utilizar en setos de baja altura y bajo mantenimiento, rocallas, jardines alpinos, tiestos, bonsáis, e incluso para impedir la erosión del suelo. El pino de montaña o pino negro es, además, extremadamente rústico: soporta el frío intenso (-45º, zonas 2-7), y tiene una tolerancia media, y en algunas variedades muy alta, a la sequía y la contaminación ambiental.",,Zona 2A,87,82,100,82,68
18/6/2023 12:12:18,Anémona de bosque,Anemone nemorosa,Europa Oriental,"Cubresuelo, Floral",Poca,Media,,0.1,0.2,Templado subhúmedo,Medio,Mucho,Mucho,Medio,Medio,Poco,Perenne (no bota hojas),Primavera,Primavera,No aplica,"La Anemone nemorosa o Anemonoides nemorosa es una planta que florece a inicio de la primavera normalmente en el sotobosque. Pertenece al género Anemone dentro de la familia Ranunculaceae. Entre sus nombres más comunes, anémona de bosque, flor del viento, olor de zorro y botón de Inglaterra. Se usa como cubresuelo que puede cubrir grandes extensiones.",,Zona 6A,35,58,10,50,47
18/6/2023 12:18:12,Saxífraga,Saxifraga spathularis,Europa del Norte,"Cubresuelo, Floral",Poca,Media,,0.2,0.2,Templado subhúmedo,Medio,Medio,Medio,Poco,Medio,Poco,Perenne (no bota hojas),Primavera,Verano,No aplica,"Planta vivaz de 10 a 30 cm de altura, con abundantes hojas amontonadas en una roseta radical, agudamente dentadas hasta casi la base del limbo, borde con margen cartilaginoso muy fino y atenuadas en un pecíolo tan largo como el limbo, aplastado y con pilosidad dispersa por la parte inferior. Envés a menudo rojizo. Tallos floríferos sin hojas, ramificados superiormente, con pelos pegajosos y un tanto rojizos. Flores pequeñas en racimos flojos, con pétalos blancos salpicados de puntos rojos y un par de manchas amarillas en la base. Sépalos completamente vueltos hacia abajo. Anteras y ovarios rosados. Florece a final de primavera y en verano.",,Zona 6A,28,62,45,67,45
18/6/2023 12:23:40,Arcángel amarillo,Lamium gaelobdolon,Europa Occidental,"Cubresuelo, Floral",Poca,Mucha,,0.2,0.3,Templado subhúmedo,Poco,Medio,Medio,Poco,Poco,Poco,Perenne (no bota hojas),Primavera,Verano,No aplica,"Lamium galeobdolon,​ comúnmente conocido como ortiga muerta amarilla,​ arcángel amarillo, planta de artillería, o planta de aluminio, es una planta con una flor silvestre muy extendida en Europa, y se ha introducido en otros lugares como planta de jardín. PSe desarrolla en forma de mata, con hojas grisáceas oscuras y bandas plateadas, es muy útil en sombra total como cubresuelos.",,Zona 6A,94,78,55,95,71
18/6/2023 14:59:51,Hierba de San Gerardo,Aegopodium podagraria,Europa Oriental,Cubresuelo,Poca,Media,,0.2,0.1,Templado subhúmedo,Poco,Poco,Poco,Poco,Poco,Poco,Perenne (no bota hojas),Primavera,No aplica,Invierno,"El pie de cabra, también llamado hierba de San Gerardo, que muchos consideran un hierbajo rebelde, es una planta de la familia de las apiáceas, con hojas verdes cuyo sabor en los meses de marzo y abril recuerda a la zanahoria y al apio, tiene variados usos: Las hojas sirven para sazonar las verduras, sopas y salsas, pero harmoniza también como verdura por sí misma muy bien con patatas y, recién picadas, son perfectas sobre pan con mantequilla. Los tallos jóvenes pueden prepararse también como verdura, los brotes (de junio a agosto) son una decoración comestible y hermosa. Además, sus frutos ovalados similares al comino le dan a las sopas y pucheros un toque especiado.",,Zona 6A,26,95,88,69,77
18/6/2023 15:06:53,Verónica,Veronica peduncularis,Europa Oriental,"Cubresuelo, Floral",Media,Media,,0.2,0.1,Templado subhúmedo,Mucho,Mucho,Mucho,Medio,Medio,Medio,Perenne (no bota hojas),Otoño,Primavera,Invierno,"Planta perenne de crecimiento rápido, tallos delgados y resistentes y diminutas hojas perennes de color bronce púrpura al nacer. Las flores nacen en primavera y, a menudo, resurgen algún tiempo después. Especie cobertora ideal para lugares soleados.",,Zona 6A,69,18,24,35,32
18/6/2023 15:09:26,Gloria de las nieves,Chionodoxa luciliae,Europa Oriental,"Arbusto, Floral",Mucha,Media,,0.5,0.1,Templado húmedo,Mucho,Medio,Medio,Poco,Mucho,Medio,Perenne (no bota hojas),Otoño,Primavera,No aplica,"La Gloria de las nieves es uno de los primeros y más hermosos bulbos de floración de primavera, que agrega varias semanas de color y belleza al jardín a comienzos de la primavera. Presenta hasta 8 flores blancas o azules puras grandes hacia arriba.",,Zona 5A,36,25,48,99,16
18/6/2023 15:12:38,Malva,Malva moschata,Europa Occidental,"Arbusto, Floral",Media,Media,,0.3,1,Templado subhúmedo,Mucho,Mucho,Mucho,Medio,Mucho,Poco,Perenne (no bota hojas),Primavera,Verano,Invierno,"Malva moschata es una planta herbácea del género Malva, dentro de la Subfamilia de las Malvoideae perteneciente a la familia Malvaceae, se encuentra en gran parte de Europa en bordes de caminos y en terrenos tanto cultivados como incultos, comúnmente llamada malva.",,Zona 6A,70,31,29,47,13
18/6/2023 15:15:42,Pie de gato,Antenaria dioica,Europa Occidental,"Cubresuelo, Floral",Media,Media,,0.2,0.3,Templado subhúmedo,Medio,Mucho,Mucho,Poco,Medio,Poco,Perenne (no bota hojas),Otoño,Primavera,No aplica,"Planta perenne, enmarañada, tomentosa, forma matas, con estolones radicantes y numerosas rosetas de hojas Tallos florales erectos, foliosos, de 5-20 cm, con una inflorescencia terminal densa de capítulos blanquecinos o rosáceos. Hojas basales acucharadas, tomentosas por debajo, glabras o casi en la superficie superior; hojas caulinares superiores cortas, verdes, con una punta fina: Normalmente 2-8 capítulos sentados. Brácteas involucrales en varias hileras, con la parte superior blanquecina o rosa y petaloide en flores masculinas, estrecha y rosácea en las flores femeninas. Florece en primavera.",,Zona 4A,68,60,18,86,54
18/6/2023 15:18:50,"Mimosa, Aromo",Acacia dealbata,Australia y Nueva Zelanda,"Árbol, Arbusto, Floral",Mucha,Mucha,,6,6,Templado húmedo,Mucho,Poco,Poco,Poco,Mucho,Medio,Perenne (no bota hojas),Otoño,Verano,Primavera,"De origen australiano, la mimosa es un árbol de porte globoso-piramidal perteneciente a la familia de las Leguminosas. Sus hojas compuestas con aspecto de pluma son persistentes y es de rápido crecimiento.",,Zona 8B,93,54,64,51,20
18/6/2023 15:20:35,Algarrobo europeo,Ceratonia siliqua,Europa del Sur,Árbol,Mucha,Poca,,3,10,Templado mediterráneo,Poco,Poco,Poco,Poco,Poco,Poco,Perenne (no bota hojas),Primavera,No aplica,Invierno,"El algarrobo es un árbol perennifolio originario de la cuenca del Mediterráneo. Puede llegar a medir 10 metros de altura si se le da la oportunidad y si crece de forma aislada, aunque cuando se tiene en un jardín lo más habitual es ver ejemplares de, como mucho, 5-6 metros. La copa es redondeada, compuesta por hojas paripinnadas de color verde.",,Zona 9A,2,91,93,56,88
18/6/2023 15:23:55,Dalia,Dahlia,América Central (incluye México),"Arbusto, Floral",Mucha,Poca,,0.4,1,Templado húmedo,Mucho,Mucho,Medio,Poco,Medio,Medio,Perenne (no bota hojas),Primavera,Verano,Primavera,"Las dalias se caracterizan por sus flores redondeadas, similares a una bola de algodón o a un pompón. A parte de su peculiar aspecto, destacan también por la llamativa variedad de colores que pueden adoptar sus pétalos. ",,Zona 9A,24,26,37,88,33
18/6/2023 15:24:20,Boldo,Peumus boldus,América del Sur,"Árbol, Floral",Media,Poca,,3,8,Templado mediterráneo,Poco,Mucho,Poco,Medio,Poco,Poco,Perenne (no bota hojas),Primavera,Verano,Invierno,"El boldo (Peumus boldus) es la única especie del género monotípico Peumus, de la familia de las monimiáceas. Este árbol es endémico de Chile. Sus hojas, de fuerte aroma, se utilizan con propósitos culinarios y medicinales. Por alcance de nombre común, principalmente en América Latina, suele ser confundida con las especies del género Plectranthus, conocidas como Falso Boldo; lo que ha llevado a confusiones sobre los usos, y las propiedades y toxicidad que presentan estas especies.",,Zona 7A,19,83,40,28,73
18/6/2023 15:29:02,Castaño,Castanea sativa,Europa Oriental,"Árbol, Frutal, Floral",Media,Media,,5,25,Templado subhúmedo,Poco,Poco,Poco,Poco,Medio,Medio,Caduco (bota hojas),Primavera,Verano,Invierno,"El castaño es un árbol de crecimiento rápido que puede alcanzar los 30 m de altura, un desarrollo impresionante en grosor y gran longevidad, pues se conocen algunos ejemplares milenarios. Su tronco es grueso, corpulento y a veces hueco en los ejemplares añosos. La corteza es parda, oscura y se agrieta longitudinalmente con la edad, adquiriendo un característico estriado oblicuo, como si el tronco estuviera retorcido.",,Zona 8A,39,89,85,55,59
18/6/2023 15:30:31,Madreselva,Lonicera,Europa Occidental,"Arbusto, Enredadera, Floral",Media,Media,,7,7,Templado húmedo,Medio,Medio,Medio,Poco,Medio,Poco,Perenne (no bota hojas),Primavera,Invierno,Invierno,"La madreselva o lonicera es un arbusto que crece rápidamente y se coloca en semisombra. Este arbusto trepador resistente a las heladas se caracteriza por sus flores de gran aroma. Esta fragancia la desprenden, sobre todo, por la noche.",,Zona 4B,37,76,62,96,48
18/6/2023 15:32:14,Ficus,Ficus benjamina,Asia meridional,"Árbol, Arbusto",Media,Media,,2,10,Templado subhúmedo,Poco,Poco,Poco,Poco,Poco,Poco,Perenne (no bota hojas),Primavera,No aplica,Invierno,"El Ficus benjamina, es la planta mas cultivada en los interiores de nuestras casas, son plantas fáciles de cuidar y crecen rápidamente y puede alcanzar los 30 m de altura en condiciones naturales. Posee ramas péndulas y hojas gruesas de 6-13 cm de largo. Cuando fructifica, raramente en interior, produce  pequeñas frutas, similares a los higos, que son el alimento favorito de varias aves en Malasia y Tailandia, donde es nativo.",,Zona 9A,89,97,97,87,91
18/6/2023 15:36:17,Clemátide,Clematis,Europa del Norte,"Arbusto, Enredadera, Floral",Media,Media,,3.5,3.5,Templado húmedo,Mucho,Medio,Medio,Poco,Medio,Poco,Perenne (no bota hojas),Primavera,Primavera,Otoño,"También llamada clemátide, la clematis es una planta trepadora, oriunda de la campiña inglesa, con más de 400 especies cultivables que, en primavera y verano, ofrecen un espectáculo de colores y formas con su floración. Algunas son arbustivas y otras herbáceas perennes, pudiendo alcanzar los 3 metros de altura.",,Zona 5A,56,27,52,70,34
18/6/2023 15:37:31,Gordolobo,Verbascum thapsus,África meridional,"Arbusto, Floral",Mucha,Poca,,1,2,Templado mediterráneo,Medio,Medio,Medio,Mucho,Medio,Poco,Perenne (no bota hojas),Primavera,Verano,Invierno,"Es una planta herbácea bienal que alcanza 2 m de altura. Tallo erecto ramificado y lanoso. Las hojas de hasta 50 cm de largo son ovales lanceoladas, alternas, afieltradas de pelusa blanca o plateada, formando una roseta basal el primer año. Durante el segundo año se alza un único tallo floral de 1 a 2 m de altura, este termina en una inflorescencia, constituida por un racimo denso con numerosas flores de color amarillo claro.",,Zona 8A,18,67,51,2,52
18/6/2023 15:42:03,Enebro,Juniperus communis,Europa Oriental,"Arbusto, Frutal",Media,Media,,1,2,Templado subhúmedo,Poco,Poco,Poco,Poco,Medio,Poco,Perenne (no bota hojas),Primavera,Verano,Invierno,"El enebro común (Juniperus communis) es una especie de planta leñosa de la familia Cupressaceae. Tiene una amplia distribución: se extiende desde las frías regiones del hemisferio norte hasta las zonas montañosas a 30º de latitud N en Norteamérica, Europa y Asia. También puede verse escrito jinebro.",,Zona 4A,86,79,99,83,50
18/6/2023 15:42:42,Almendro,Prunus Dulcis,Sudeste asiático,"Árbol, Frutal, Floral",Mucha,Media,,8,8,Seco estepario,Mucho,Medio,Medio,Medio,Medio,Poco,Caduco (bota hojas),Verano,Invierno,Invierno,"El almendro es un árbol que, en su edad adulta, cuenta con un tronco marrón de corteza agrietada muy característico que alcanzar entre los tres y cinco metros de altura. Sus hojas son de tipo lanceolado, largas, estrechas y puntiagudas de un verde intenso y salen tras la floración invernal.",,Zona 7B,57,48,61,20,62
18/6/2023 15:51:14,Secuoya,Metasequoia glyptostroboides,Asia Oriental,Árbol,Mucha,Poca,,5,20,Templado húmedo,Poco,Poco,Poco,Poco,Medio,Poco,Caduco (bota hojas),Primavera,No aplica,Verano,"La Metasequoia glyptostroboides GoldRush es una conífera de gran tamaño que destaca por el color dorado de su follaje. Requiere de unos cuidados sencillos, le gustan los climas templados y frescos. Se la conoce por los nombres comunes de metasecuoya o metasecoya. Es un árbol de rápido crecimiento y de hoja caduca.",,Zona 4A,10,92,90,71,65
18/6/2023 16:00:03,Lino,Linum usitatissimum,Asia Occidental (Medio Oriente),"Arbusto, Cubresuelo, Frutal, Floral",Mucha,Media,,0.025,0.6,Templado húmedo,Mucho,Medio,Medio,Poco,Medio,Poco,Perenne (no bota hojas),Verano,Primavera,Invierno,"Linum usitatissimum es una especie herbácea anual con un tallo erecto y frágil entre las edades de 30 y 60 años; tiene hojas tiernas y lanceoladas y grandes flores de cielo azul con 5 sépalos, 5 pétalos y 5 estambres amarillos. Dentro de las frutas (cápsulas) encontramos semillas pequeñas, de color marrón oscuro y amarillo pajizo (afecta a la variedad). Tiene una raíz de tap corta.",,Zona 4B,76,55,53,72,35
18/6/2023 16:10:03,Arándano azul,vaccinium corymbosum,América del Norte (Canada y EEUU),"Arbusto, Frutal, Floral",Mucha,Media,,1.5,1.5,Templado húmedo,Medio,Poco,Poco,Poco,Medio,Poco,Caduco (bota hojas),Otoño,Primavera,Otoño,Este arándano dará frutos muy grandes y sabrosos. Un arbusto perfecto para la huerta como para un jardín ornamental. Cultivo en maceta. Atractivo para la vida salvaje. Forma compacta con flores blancas en primavera y deliciosas grandes bayas azules en verano. Prefiere los suelos ácidos. Riego regular en maceta.,,Zona 4B,58,71,74,52,51
18/6/2023 16:47:52,Abrótano hembra,Santolina chamaecyparissus,Europa del Sur,"Arbusto, Floral",Mucha,Media,,1,0.75,Templado mediterráneo,Mucho,Medio,Medio,Poco,Mucho,Poco,Perenne (no bota hojas),Invierno,Primavera,Verano,"Es un subarbusto aromático de ramas frágiles y quebradizas. Las hojas son algodonosas, pequeñas y estrechas, recortadas en forma de dientes de peine. Las cabezuelas presentan flores amarillas, redondas y tubulares, algunas veces velludas y otras veces verdes.",,Zona 4B,42,49,57,74,18
18/6/2023 17:00:50,Bonetero,Euonymus alatus,Asia Oriental,"Arbusto, Frutal, Floral",Mucha,Media,,3,2,Templado húmedo,Mucho,Poco,Poco,Poco,Poco,Poco,Caduco (bota hojas),Invierno,Primavera,No aplica,"En otoño, un intenso color carmín tiñe el follaje de este arbusto que en los países de habla inglesa llaman descriptivamente burning bush, arbusto ardiente. Esta cualidad y una gran versatilidad aseguran al Euonymus alatus un papel estelar en el jardín: se puede usar como ejemplar de acento, en borduras, grupos, setos libres, pantallas e incluso tiestos grandes.",,Zona 4A,67,56,69,73,76
18/6/2023 17:10:59,Grosellero ornamental,Ribes sanguineum,América del Norte (Canada y EEUU),"Arbusto, Enredadera, Frutal, Floral",Mucha,Mucha,,3,2,Templado húmedo,Mucho,Medio,Medio,Medio,Medio,Poco,Caduco (bota hojas),Invierno,Primavera,Verano,"Oriundo de la costa oeste de América del Norte, el grosellero ornamental o de flor está directamente emparentado con el grosellero de fruto, aunque su producción de bayas es más escasa. Suele medir entre 1,5 y 2 metros y su porte ramificado le confiere una silueta muy irregular. Crece rápidamente y es bastante rústico (USDA 6-8), según la variedad.",,Zona 7A,96,32,56,21,57
18/6/2023 17:16:46,Lavanda,Lavandula angustifolia,Europa del Sur,"Arbusto, Floral",Mucha,Media,,0.75,0.6,Templado mediterráneo,Medio,Medio,Mucho,Poco,Mucho,Poco,Perenne (no bota hojas),Otoño,Primavera,Otoño,"Arbusto de aroma característico, de 50 - 80 cm de altura. Tallos leñosos, muy ramificados, de los que nacen ramas herbáceas profusamente cubiertas de hojas opuestas, angostas y alargadas, de 2 - 5 cm de longitud.",,Zona 7A,83,59,43,53,2
18/6/2023 17:22:41,Nogal,Juglans regia,Europa Oriental,"Árbol, Frutal, Floral",Media,Media,,4,5,Templado húmedo,Medio,Poco,Poco,Poco,Poco,Poco,Caduco (bota hojas),Invierno,Otoño,No aplica,"El nogal es un árbol de hoja caduca que alcanza los 25 m altura. El tronco tiene la corteza blanquecina y la ramificación es alterna, con la corteza de las ramas pardo rojiza y dura. Las yemas son pardo negruzcas, escamosas.",,Zona 5A,43,75,91,54,86
18/6/2023 17:27:14,Fucsia,Fuchsia,Australia y Nueva Zelanda,"Arbusto, Floral",Mucha,Media,,0.5,0.5,Templado húmedo,Mucho,Poco,Poco,Poco,Poco,Medio,Caduco (bota hojas),Verano,Primavera,Primavera,"La Fuchsia procumbens es una planta originaria de Nueva Zelanda caracterizada por hojas redondeadas, acorazonadas, alternas y flores de pequeñas dimensiones de 2 cm de largo, desprovistas de corola y con un cáliz que en la parte tubular es de color amarillo mientras que sus bordes son de color rojo-verdusco.",,Zona 10A,77,20,65,90,69
18/6/2023 17:32:27,Boj,Buxus sempervirens,Europa del Sur,"Arbusto, Floral",Mucha,Media,,0.75,1,Templado mediterráneo,Medio,Poco,Poco,Poco,Poco,Poco,Perenne (no bota hojas),Primavera,Primavera,Invierno,"Se trata de un arbusto de crecimiento lento caracterizado por su follaje de un vivo color verde, que le permite ser útil para cercos transformándose en una barrera. También es utilizada para el arte de la topiaria, que consiste en dar formar artísticas a las plantas a través de la poda.",,Zona 3B,44,72,89,76,96
18/6/2023 17:48:11,"Primavera, Prímula",Primula pulverulenta,Asia Oriental,"Arbusto, Floral",Mucha,Media,,0.4,0.75,Templado húmedo,Mucho,Poco,Medio,Poco,Medio,Poco,Perenne (no bota hojas),Invierno,Primavera,Otoño,"Tiene abundante follaje, con hojas oblongas, dentadas y de textura rugosa de color verde amarillento y algo más claro en el envés. Algunas especies pueden alcanzar unos 40 cm de altura. Sus flores, de seis pétalos nacen en el centro formado por el follaje y tienen distintos tamaños y tonalidades: rosa, violáceo, rojo o amarillo, con una mota central de distinto tono en algunas de las variedades. De ellas se desprende un suave aroma.",,Zona 4B,80,33,66,92,36
18/6/2023 17:54:18,Bistorta,Polygonum bistorta,Europa del Norte,"Arbusto, Cubresuelo, Floral",Mucha,Media,,0.6,0.7,Templado húmedo,Mucho,Mucho,Mucho,Poco,Medio,Poco,Perenne (no bota hojas),Primavera,Primavera,Invierno,Es una planta perenne semiperenne que produce racimos de flores pequeñas de color rosa claro durante todo el verano y hasta el otoño.,,Zona 3B,29,36,28,75,53
18/6/2023 17:59:38,Manzanilla,Chamaemelum nobile,Europa Occidental,"Arbusto, Cubresuelo, Floral",Mucha,Media,,0.6,0.3,Templado húmedo,Mucho,Mucho,Mucho,Poco,Medio,Poco,Perenne (no bota hojas),Primavera,Verano,Invierno,"Hierba perenne por medio de un rizoma muy ramificado mediante el cual va extendiéndose por el suelo, generalmente sin superar los 30 cm de altura. Hojas alternas (hasta 5 x 1,5 cm), todas ellas 2-3 veces pinnatisectas, divididas en lóbulos muy estrechos y de ápices agudos.",,Zona 7A,66,21,39,91,37
18/6/2023 18:05:21,Hierba de la moneda,Lysimachia punctata,Asia Oriental,"Arbusto, Floral",Mucha,Media,,0.75,0.75,Templado húmedo,Mucho,Medio,Medio,Poco,Medio,Poco,Perenne (no bota hojas),Primavera,Verano,Otoño,"El género lysimachia punctata incluye muchas especies de plantas herbáceas y arbustos que crecen principalmente en pastizales húmedos y bosques. Las flores pueden tener forma de estrella, platillo o taza, y son blancas, amarillas, rosadas o moradas. Las especies más grandes se suelen usar como cultivo ornamental en jardines pantanosos o estanques; las más pequeñas, como plantas tapizantes.",,Zona 6A,45,34,58,98,58
18/6/2023 18:10:56,Dríade,Dryas octopetala,Europa del Norte,"Arbusto, Floral",Mucha,Mucha,,0.3,0.08,Templado subhúmedo,Mucho,Poco,Poco,Poco,Poco,Poco,Perenne (no bota hojas),Primavera,Primavera,Invierno,"Dryas octopetala es una planta de flor ártico-alpina en la familia de las Rosaceae. Es un arbusto perenne pequeño que forma grandes colonias de apariencia almohadillada, y es una flor muy popular en las rocallas.",,Zona 4A,95,24,67,77,78
18/6/2023 18:15:20,Clavel,Dianthus caryophyllus,Europa del Sur,"Arbusto, Floral",Mucha,Media,,0.1,0.8,Templado mediterráneo,Mucho,Mucho,Mucho,Poco,Mucho,Poco,Perenne (no bota hojas),Primavera,Primavera,Invierno,"Sus hojas son lineales, angostas, opuestas y envainadoras, más anchas las basales que las caulinares. Cada tallo forma una flor terminal. ​ Sus flores son vistosas, pedunculadas en panícula o cima laxa, a veces solitarias, de bordes más o menos dentados.",,Zona 5A,78,22,33,89,8
18/6/2023 18:19:35,Esquila o cebolla rayada,puschkinia scilloides,Asia Occidental (Medio Oriente),"Arbusto, Floral",Mucha,Media,,0.3,0.2,Templado húmedo,Mucho,Poco,Poco,Poco,Medio,Poco,Perenne (no bota hojas),Verano,Primavera,Otoño,"Esta planta bulbosa, de abundante floración, produce múltiples flores blancas con una franja azul intenso y un ""tubo"" blanco cerrado en el medio.",,Zona 3A,59,47,70,78,38
18/6/2023 18:23:35,Tulipán,Tulipa tarda,Asia Central,"Arbusto, Floral",Mucha,Media,,0.15,0.15,Templado húmedo,Mucho,Poco,Poco,Poco,Medio,Poco,Perenne (no bota hojas),Otoño,Primavera,Verano,"Se trata de una especie herbácea, perenne y bulbosa que alcanza los 15 cm de altura. Presenta hojas basales arrosetadas, estrechas, y flores de 5 cm de diámetro, con forma de estrella, blancas y amarillas en el centro. Cada tallo lleva hasta 6 flores.",,Zona 3A,79,5,68,79,25
18/6/2023 18:27:32,Verbena,Verbena,América Central (incluye México),"Arbusto, Floral",Mucha,Poca,,0.45,0.2,Templado húmedo,Mucho,Medio,Medio,Poco,Mucho,Poco,Perenne (no bota hojas),Primavera,Primavera,Otoño,"La verbena es una planta de origen centroamericano y sudamericano y es muy conocida por sus propiedades medicinales. Su nombre científico es verbena híbrida y es una planta herbácea y perenne, es decir, se siembra una vez y durará una gran cantidad de años, salvo en los climas fríos que muere con la llegada del invierno.",,Zona 7A,22,38,46,57,14
18/6/2023 18:32:02,Áloe,Aloe Vera,África del Norte,"Arbusto, Floral",Mucha,Poca,,1,1.5,Templado mediterráneo,Medio,Poco,Poco,Poco,Poco,Poco,Perenne (no bota hojas),Verano,Primavera,No aplica,"El Aloe vera (Aloe barbadensis miller), también llamada sábila, acíbar o áloe de Barbados, es una especie de suculenta que se cree que proviene de la península arábica, aunque actualmente crece de manera silvestre en los climas tropicales y áridos en todo el mundo.",,Zona 3A,11,68,75,81,70
18/6/2023 18:38:02,Bambú,Bambusoideae,Asia Oriental,"Arbusto, Enredadera, Frutal, Floral",Media,Mucha,,0.3,20,Templado húmedo,Poco,Poco,Poco,Poco,Poco,Poco,Perenne (no bota hojas),Primavera,Primavera,Invierno,"Son plantas angiospermas perennes de la familia herbácea de las poáceas. Muchas variedades miden menos de 1 m de largo y con tallos (culmos) de medio centímetro de diámetro, aunque también existen los bambúes gigantes: de unos 25 m de alto y 30 cm de diámetro. Los hay herbáceos y leñosos, cespitosos y más expansivos, y los hay trepadores.",,Zona 6A,97,100,96,80,97
19/6/2023 11:10:09,Durillo,Viburnum tinus,Europa del Sur,"Arbusto, Floral",Media,Media,,1,2,Templado mediterráneo,Mucho,Mucho,Medio,Mucho,Medio,Poco,Perenne (no bota hojas),Otoño,Invierno,Primavera,"El Viburnun tinus es una planta autóctona de la península ibérica. Crece salvaje en nuestros montes compartiendo entorno por igual con encinas, coscojas, lentiscos o madroños. Aunque no por ello pasará desapercibido. El durillo es un arbusto de dureza probada (de ahí en parte su nombre), que aguanta el frío y el calor, el sol o la sombra con estoicismo, permaneciendo siempre verde a pesar del cambio estacional. Pero, además, suele florecer en invierno, cuando pocos se atreven a presentar batalla al frío.",,Zona 5A,30,37,34,11,63
19/6/2023 11:19:28,Peral,Pyrus salicifolia,Asia Central,"Árbol, Frutal",Mucha,Media,,3,8,Templado subhúmedo,Poco,Poco,Poco,Medio,Poco,Medio,Caduco (bota hojas),Primavera,Verano,Invierno,"El peral es un árbol piramidal que puede alcanzar los 20 metros de altura y vive unos 65 años. Su tronco es grueso, de corteza agrieta y gris. Las ramas son de corteza lisa, primero verdes y luego se tornan grisáceas. Sus raíces son profundas y sus hojas ovaladas. Sus flores son de color blanco o blanco rosado de la cual nacerá después el fruto; es decir, la pera.",,Zona 6B,60,99,83,16,83
19/6/2023 11:25:53,Mostajo,Sorbus aria,Asia Occidental (Medio Oriente),"Árbol, Floral",Media,Media,,4,11,Templado subhúmedo,Medio,Mucho,Medio,Medio,Poco,Medio,Caduco (bota hojas),Otoño,Primavera,Invierno,"El mostajo común (Sorbus aria) es un árbol de 7 a 14 metros de altura de corteza lisa y de color blanquecino. Hojas ovales simples de borde dentado, con el envés blanco, lo que da al árbol un aspecto plateado. Las flores son blancas reunidas en corimbos. Florece en primavera.",,Zona 7A,61,70,41,36,100
19/6/2023 11:34:00,Cerezo frutal,Prunus avium,Asia Central,"Árbol, Frutal, Floral",Mucha,Poca,,2,8,Templado mediterráneo,Mucho,Medio,Medio,Medio,Medio,Medio,Caduco (bota hojas),Primavera,Verano,Invierno,"El frutal del que principalmente derivan la mayoría de los cerezos comerciales de Europa y Asia es el cerezo de monte, cerezo dulce o silvestre. Su nombre científico es Prunus avium y es nativo de Europa. Pertenece a la familia de las Rosáceas, que como alguna que otra vez hemos comentado, es una de las familias más importantes, con casi 3.000 especies, y al que también pertenecen muchísimos otros frutales muy famosos como el manzano, el peral, el membrillero,  el melocotonero, el almendro, etc.",,Zona 8A,23,23,50,23,55
19/6/2023 11:37:59,Chirimoyo,Annona cherimola,América del Sur,"Árbol, Frutal",Mucha,Mucha,,3,10,Templado húmedo,Poco,Poco,Poco,Medio,Poco,Medio,Caduco (bota hojas),Primavera,Verano,Invierno,"Llamada Annona Cherimola, es un árbol caducifolio que pertenece a la familia de las anonáceas, de poco menos que 10 metros de altura, desarrollo tardío, y de hojas simples lanceoladas o anchas. Es una especie nativa de Perú, y secundariamente de Chile, Ecuador y Colombia, pero a lo largo de los siglos, ha visto su lugar dentro de otras varias regiones del mundo. Su fruta la chirimoya tiene una forma acorazonada y su cáscara la cual es verde tiene una textura escamosa y delicada. Con un peso medio que se encuentra entre el ¼ de kilo, tiene un centro blanco jugoso con grandes semillas negras dentro, que es cremoso, aromático y altamente dulce.",,Zona 8A,91,98,92,17,81
19/6/2023 11:41:29,Higuera,Ficus carica,Europa del Sur,"Árbol, Frutal",Mucha,Media,,5,5,Templado mediterráneo,Poco,Poco,Poco,Medio,Poco,Poco,Caduco (bota hojas),Primavera,Verano,Invierno,La higuera es un árbol de porte pequeño que requiere pocos cuidados y atenciones y que a finales de verano nos regala sus dulces frutos: los higos. Es realmente resistente tanto a las altas como a las bajas temperaturas y aguanta muy bien la sequía.,,Zona 6A,31,84,76,18,82
19/6/2023 11:46:08,Acerolo,Crataegus azarolus,Asia Occidental (Medio Oriente),"Árbol, Frutal, Floral",Media,Media,,2,4,Templado mediterráneo,Mucho,Mucho,Medio,Mucho,Medio,Medio,Caduco (bota hojas),Otoño,Primavera,Invierno,"El acerolo también es conocido comúnmente como “bizcobo” y su tamaño es de 3 metros a 5 metros de altura. Las hojas de caracterizan por presentar un color verde brillante y ser de tonos grisáceos en el envés. Sus flores del acerolo son de color blanco, dispuestas en corimbos que van de 3 a 18 flores. La fruta puede tener un color amarillo o rojo cuando se encuentra ya madura, su pulpa es apta para el consumo humano, su sabor es agridulce y se asemeja al de la manzana.",,Zona 7A,48,50,38,9,56
19/6/2023 11:52:24,Almez,Celtis australis,Europa del Sur,Árbol,Mucha,Poca,,3,15,Templado mediterráneo,Poco,Poco,Poco,Poco,Poco,Poco,Caduco (bota hojas),Primavera,No aplica,Invierno,"El almez es un árbol caducifolio de hasta 25 m de alto, de copa frondosa y ovalada, tronco recto y corteza lisa que en la vejez se agrieta un poco. Es un árbol que puede llegar a vivir hasta 600 años. Es ideal para lugares secos y soleados, además de que requiere poca agua para desarrollarse.",,Zona 8A,12,94,79,59,89
19/6/2023 11:56:32,Quejigo andaluz,Quercus canariensis,Europa del Sur,Árbol,Media,Media,,5,20,Templado mediterráneo,Poco,Poco,Poco,Poco,Poco,Poco,Caduco (bota hojas),Primavera,No aplica,Invierno,"También llamado Roble Carrasqueño y Roble Carballo, el Quejigo es un bonito árbol caducifolio, que puede alcanzar los 20 metros, cuando crece en buenas condiciones, con suelos profundos, aunque también es habitual encontrarlo con forma y porte arbustivo.",,Zona 7A,47,87,81,60,99
19/6/2023 11:59:47,Alcornoque,Quercus suber,Europa del Sur,"Árbol, Frutal",Media,Media,,5,8,Templado mediterráneo,Poco,Poco,Poco,Poco,Poco,Medio,Perenne (no bota hojas),Primavera,No aplica,Invierno,"El alcornoque es un árbol de porte medio con hojas perennes ovaladas y dentadas. Es originario de Europa y norte de África y puede llegar a vivir entre 150 y 250 años. El período de floración es de julio a agosto. Sus frutos, unas bellotas pequeñas y alargadas, sirven de alimento al ganado porcino.",,Zona 6A,46,93,80,58,87
19/6/2023 12:02:43,Encina,Quercus ilex,Europa del Sur,"Árbol, Frutal",Mucha,Poca,,3,15,Templado mediterráneo,Poco,Poco,Poco,Medio,Poco,Poco,Perenne (no bota hojas),Primavera,No aplica,Invierno,"La encina, denominada científicamente como Quercus Ilex, es un árbol de porte medio (tirando a bajo) capaz de alcanzar los 25 metros de altura (siempre y cuando se den las condiciones adecuadas de cultivo). Es una especie originaria de las regiones mediterráneas y una de las más distribuidas por todo el sur del continente europeo. Con el paso de los años, este árbol se ha adaptado a las condiciones extremas del clima mediterráneo y a todo tipo de suelos.",,Zona 6A,5,88,78,22,84
19/6/2023 12:07:02,Acacia de tres espinas,Gleditsia triacanthos,América del Norte (Canada y EEUU),Árbol,Mucha,Media,,4,10,Templado subhúmedo,Poco,Poco,Poco,Poco,Poco,Poco,Caduco (bota hojas),Primavera,No aplica,Invierno,"Gleditsia triacanthos, la acacia de tres espinas,​ gleditsia de tres espinas, “acacia” negra, o ""acacia"" o ""algarrobo"" de miel​ es una especie de árbol caducifolio de la familia Fabaceae. Se caracteriza por presentar la vaina de sus semillas una pulpa dulce, cuyo sabor y textura recuerda a la miel.",,Zona 3A,65,80,82,93,90
19/6/2023 12:11:55,Karo,Pittosoporum crassifolium,Australia y Nueva Zelanda,"Árbol, Floral",Mucha,Poca,,1.5,5,Templado subhúmedo,Poco,Poco,Poco,Poco,Poco,Medio,Perenne (no bota hojas),Primavera,No aplica,Invierno,"Son arbustos perennifolios de crecimiento rápido y porte redondeado que alcanzan 5 metros de altura. Las hojas son ovaladas y de color verde grisáceo en el haz; en el envés presentan pelos blancos. Las flores de color granate producen más aroma por la noche. Florecen desde primavera hasta principios de verano. Se utilizan para formar setos, como ejemplares aislados y en grupos arbustivos. Son ideales para jardines costeros por su resistencia al viento y a la salinidad.",,Zona 6A,6,85,77,61,85
19/6/2023 12:18:16,Chaquihue,Crinodendron hookerianum,América del Sur,"Arbusto, Floral",Poca,Mucha,,1,2,Templado subhúmedo,Mucho,Mucho,Medio,Mucho,Medio,Medio,Perenne (no bota hojas),Primavera,Verano,Invierno,"Es un arbol nativo del sur de Chile, que prefiere lugares sombríos y suelos húmedos. Las flores colgantes del chaquihue tienen un atractivo único haciéndolo merecedor de un gran aprecio en jardinería y del premio de la Real Sociedad de Horticultura al Mérito del Jardín. Se emplea a menudo en jardines urbanos y en proyectos paisajísticos.",,Zona 5A,100,3,25,5,39
19/6/2023 12:22:24,Mahonia,Mahonia aquifolium,América del Norte (Canada y EEUU),"Arbusto, Floral",Media,Media,,0.5,0.75,Templado subhúmedo,Medio,Mucho,Mucho,Medio,Medio,Medio,Perenne (no bota hojas),Otoño,Invierno,Primavera,"Este vigoroso arbusto procedente del noroeste de América del Norte resulta bonito todo el año: su reluciente follaje perenne verde oscuro adquiere tintes rojizos durante los meses más fríos, produce flores de un brillante tono amarillo en primavera, y se cubre de densos racimos de bayas azules a comienzos del otoño. Más cualidades a su favor: una gran resistencia al frío, adaptabilidad a un amplio rango de condiciones de cultivo y bajo mantenimiento.",,Zona 4A,64,63,26,32,40
19/6/2023 12:29:18,Tijerilla,Corydalis flexuosa,Asia Oriental,"Cubresuelo, Floral",Poca,Media,,0.2,0.3,Templado subhúmedo,Mucho,Mucho,Mucho,Medio,Medio,Medio,Perenne (no bota hojas),Otoño,Primavera,No aplica,"Esta atractiva planta, popular en los jardines de zonas frías, es una mata perenne originaria de las zonas montañosas y boscosas de China, donde crece en lugares sombríos. Alcanza unos 30 centímetros y posee un follaje finamente dividido y flores azules tubulares con un largo espolón, que aparecen en primavera.",,Zona 5A,82,7,17,43,24
19/6/2023 12:38:13,Centavo berro,Pachyphragma macrophyllum,Asia Occidental (Medio Oriente),"Cubresuelo, Floral",Poca,Media,,0.2,0.3,Templado subhúmedo,Medio,Medio,Medio,Poco,Poco,Poco,Perenne (no bota hojas),Otoño,Primavera,Invierno,"En primavera nacen cabezuelas de flores blancas con cuatro pétalos que destacan sobre las matas formadas por hojas verdes con un largo pecíolo y el limbo en forma de corazón. Resulta una cobertora excelente, ideal para lugares sombríos.",,Zona 6A,81,64,49,97,72
19/6/2023 12:42:59,Aster de Escocia,Aster novi-belgii,América del Norte (Canada y EEUU),"Arbusto, Floral",Media,Media,,0.2,0.75,Templado subhúmedo,Mucho,Mucho,Mucho,Medio,Medio,Medio,Perenne (no bota hojas),Primavera,Otoño,Invierno,"El Aster Brumal, también conocida como Áster de Escocia, Margarita de Otoño o Cielo estrellado, es una planta perenne con unas flores muy parecidas a las margaritas pero con pétalos más delgados y alargados y de variados colores como el morado, el rosa o el azul aunque también las hay blancas. La flor de Aster crece bastante rápido y pronto llenará de alegría cualquier rincón de tu hogar por lo que es ideal como planta de interior.",,Zona 5A,62,4,2,44,23
19/6/2023 12:45:45,Aster de Nueva Inglaterra,Aster novae-angliae,América del Norte (Canada y EEUU),"Arbusto, Floral",Media,Media,,0.3,0.75,Templado subhúmedo,Mucho,Mucho,Mucho,Medio,Mucho,Medio,Perenne (no bota hojas),Primavera,Otoño,Invierno,"Áster de otoño es uno de los nombres que recibe esta herbácea perenne originaria del este y el centro de América del Norte, de profusa floración en forma de margaritas rosadas o moradas. Forma matas que pueden alcanzar entre 0,50 y 1,80 metros de altura, según el cultivar. Son de crecimiento rápido.",,Zona 6A,63,6,27,42,7
19/6/2023 12:51:16,Tomillo,Thymus vulgaris,Asia Occidental (Medio Oriente),"Cubresuelo, Floral",Mucha,Poca,,0.2,0.4,Templado mediterráneo,Medio,Mucho,Mucho,Medio,Mucho,Poco,Perenne (no bota hojas),Primavera,Verano,Invierno,"El tomillo común (Thymus vulgaris), también tomillo vulgar o simplemente tomillo, es un arbusto de la familia de las labiadas ampliamente usado en gastronomía y medicina. Se caracteriza por sus aceites esenciales que producen un olor aromático agradable e intenso, con el que atrae a polinizadores de Diptera e Hymenoptera.​ Entre las diversas propiedades medicinales que tiene el tomillo se pueden mencionar que es digestivo, antiséptico y vigorizante.",,Zona 7A,4,65,7,37,4